{
  "n_samples": 2,
  "n_intervals": 15,
  "theta": 0.075893,
  "rho": 0.015179,
  "initial_ll": -26873.74741774265,
  "final_ll": -26190.159079356174,
  "iterations": 26,
  "lambdas": [
    5.473947391727202,
    5.206979827179851,
    4.953032424395118,
    4.711470182590744,
    4.481689070338067,
    4.055199966844676,
    3.4903429574618428,
    2.8576511180631647,
    2.225540928492468,
    1.733253017867395,
    1.4190675485932571,
    1.2214027581601699,
    1.1051709180756477,
    1.0512710963760241,
    1.0512710963760241
  ],
  "time_breaks": [
    0.0,
    0.03152914257437132,
    0.07299915346349295,
    0.12754430321145308,
    0.19928707099085186,
    0.2936497183102173,
    0.4177640992398569,
    0.5810106802881008,
    0.7957275086228318,
    1.0781427118943885,
    1.4496010072571348,
    1.9381769181691313,
    2.580796624616603,
    3.4260288145209055,
    4.537755466664618,
    6.000000000000001
  ]
}